price,bedrooms,bathrooms,sqft_living,sqft_lot,floors,waterfront,view,condition,grade,sqft_above,sqft_basement,yr_built,yr_renovated,zipcode,lat,long,sqft_living15,sqft_lot15
221900,3,1,1180,5650,1,0,0,3,7,1180,0,1955,0,98178,47.5112,-122.257,1340,5650
538000,3,2.25,2570,7242,2,0,0,3,7,2170,400,1951,1991,98125,47.721,-122.319,1690,7639
180000,2,1,770,10000,1,0,0,3,6,770,0,1933,0,98028,47.7379,-122.233,2720,8062
604000,4,3,1960,5000,1,0,0,5,7,1050,910,1965,0,98136,47.5208,-122.393,1360,5000
510000,3,2,1680,8080,1,0,0,3,8,1680,0,1987,0,98074,47.6168,-122.045,1800,7503
1.225E+06,4,4.5,5420,101930,1,0,0,3,11,3890,1530,2001,0,98053,47.6561,-122.005,4760,101930
257500,3,2.25,1715,6819,2,0,0,3,7,1715,0,1995,0,98003,47.3097,-122.327,2238,6819
291850,3,1.5,1060,9711,1,0,0,3,7,1060,0,1963,0,98198,47.4095,-122.315,1650,9711
229500,3,1,1780,7470,1,0,0,3,7,1050,730,1960,0,98146,47.5123,-122.337,1780,8113
323000,3,2.5,1890,6560,2,0,0,3,7,1890,0,2003,0,98038,47.3684,-122.031,2390,7570
662500,3,2.5,3560,9796,1,0,0,3,8,,1700,1965,0,98007,47.6007,-122.145,2210,8925
468000,2,1,1160,6000,1,0,0,4,7,860,300,1942,0,98115,47.69,-122.292,1330,6000
310000,3,1,1430,19901,1.5,0,0,4,7,1430,0,1927,0,98028,47.7558,-122.229,1780,12697
400000,3,1.75,1370,9680,1,0,0,4,7,1370,0,1977,0,98074,47.6127,-122.045,1370,10208
530000,5,2,1810,4850,1.5,0,0,3,7,1810,0,1900,0,98107,47.67,-122.394,1360,4850
650000,4,3,2950,5000,2,0,3,3,9,1980,970,1979,0,98126,47.5714,-122.375,2140,4000
395000,3,2,1890,14040,2,0,0,3,7,1890,0,1994,0,98019,47.7277,-121.962,1890,14018
485000,4,1,1600,4300,1.5,0,0,4,7,,0,1916,0,98103,47.6648,-122.343,1610,4300
189000,2,1,1200,9850,1,0,0,4,7,1200,0,1921,0,98002,47.3089,-122.21,1060,5095
230000,3,1,1250,9774,1,0,0,4,7,1250,0,1969,0,98003,47.3343,-122.306,1280,8850
385000,4,1.75,1620,4980,1,0,0,4,7,860,760,1947,0,98133,47.7025,-122.341,1400,4980
2.00E+06,3,2.75,3050,44867,1,0,4,3,9,2330,720,1968,0,98040,47.5316,-122.233,4110,20336
285000,5,2.5,2270,6300,2,0,0,3,8,2270,0,1995,0,98092,47.3266,-122.169,2240,7005
252700,2,1.5,1070,9643,1,0,0,3,7,1070,0,1985,0,98030,47.3533,-122.166,1220,8386
329000,3,2.25,2450,6500,2,0,0,4,8,2450,0,1985,0,98030,47.3739,-122.172,2200,6865
233000,3,2,1710,4697,1.5,0,0,5,6,1710,0,1941,0,98002,47.3048,-122.218,1030,4705
937000,3,1.75,2450,2691,2,0,0,3,8,1750,700,1915,0,98119,47.6386,-122.36,1760,3573
667000,3,1,1400,1581,1.5,0,0,5,8,1400,0,1909,0,98112,47.6221,-122.314,1860,3861
438000,3,1.75,1520,6380,1,0,0,3,7,790,730,1948,0,98115,47.695,-122.304,1520,6235
719000,4,2.5,2570,7173,2,0,0,3,8,2570,0,2005,0,98052,47.7073,-122.11,2630,6026
580500,3,2.5,2320,3980,2,0,0,3,8,2320,0,2003,0,98027,47.5391,-122.07,2580,3980
280000,2,1.5,1190,1265,3,0,0,3,7,1190,0,2005,0,98133,47.7274,-122.357,1390,1756
687500,4,1.75,2330,5000,1.5,0,0,4,7,1510,820,1929,0,98117,47.6823,-122.368,1460,5000
535000,3,1,1090,3000,1.5,0,0,4,8,1090,0,1929,0,98117,47.6889,-122.375,1570,5080
322500,4,2.75,2060,6659,1,0,0,3,7,1280,780,1981,0,98058,47.4276,-122.157,2020,8720
696000,3,2.5,2300,3060,1.5,0,0,3,8,1510,790,1930,2002,98115,47.6827,-122.31,1590,3264
550000,4,1,1660,34848,1,0,0,1,5,930,730,1933,0,98052,47.6621,-122.132,2160,11467
640000,4,2,2360,6000,2,0,0,4,8,2360,0,1904,0,98107,47.6702,-122.362,1730,4700
240000,4,1,1220,8075,1,0,0,2,7,890,330,1969,0,98001,47.3341,-122.282,1290,7800
605000,4,2.5,2620,7553,2,0,0,3,8,2620,0,1996,0,98056,47.5301,-122.18,2620,11884
625000,4,2.5,2570,5520,2,0,0,3,9,2570,0,2000,0,98074,47.6145,-122.027,2470,5669
775000,4,2.25,4220,24186,1,0,0,3,8,2600,1620,1984,0,98166,47.445,-122.347,2410,30617
861990,5,2.75,3595,5639,2,0,0,3,9,3595,0,2014,0,98053,47.6848,-122.016,3625,5639
685000,3,1,1570,2280,2,0,0,3,7,1570,0,1922,0,98119,47.6413,-122.364,1580,2640
309000,3,1,1280,9656,1,0,0,4,6,920,360,1959,0,98058,47.4485,-122.175,1340,8808
488000,3,2.5,3160,13603,2,0,0,3,8,3160,0,2003,0,98019,47.7443,-121.977,3050,9232
210490,3,1,990,8528,1,0,0,3,6,990,0,1966,0,98023,47.3066,-122.371,1228,8840
785000,4,2.5,2290,13416,2,0,0,4,9,2290,0,1981,0,98007,47.6194,-122.151,2680,13685
450000,3,1.75,1250,5963,1,0,0,4,7,1250,0,1953,0,98115,47.6796,-122.301,970,5100
1.35E+06,3,2.5,2753,65005,1,1,2,5,9,2165,588,1953,0,98070,47.4041,-122.451,2680,72513
228000,3,1,1190,9199,1,0,0,3,7,1190,0,1955,0,98148,47.4258,-122.322,1190,9364
345000,5,2.5,3150,9134,1,0,0,4,8,1640,1510,1966,0,98056,47.4934,-122.189,1990,9133
600000,3,1.75,1410,4080,1,0,0,4,7,1000,410,1950,0,98117,47.6808,-122.384,1410,4080
585000,2,1.75,1980,8550,1,0,0,3,7,990,990,1981,0,98117,47.6989,-122.369,1480,6738
920000,5,2.25,2730,6000,1.5,0,0,3,8,2130,600,1927,0,98105,47.6571,-122.281,2730,6000
885000,4,2.5,2830,5000,2,0,0,3,9,2830,0,1995,0,98105,47.6597,-122.29,1950,5000
292500,4,2.5,2250,4495,2,0,0,3,7,2250,0,2008,0,98042,47.3663,-122.114,2250,4500
301000,3,2.5,2420,4750,2,0,0,3,8,2420,0,2003,0,98042,47.3663,-122.122,2690,4750
951000,5,3.25,3250,14342,2,0,4,4,8,3250,0,1968,0,98008,47.588,-122.116,2960,11044
430000,4,3,1850,9976,2,0,0,3,8,1850,0,1991,0,98059,47.5059,-122.149,2270,8542
650000,3,2.25,2150,21235,1,0,3,4,8,1590,560,1959,0,98166,47.4336,-122.339,2570,18900
289000,3,1.75,1260,8400,1,0,0,3,7,1260,0,1954,0,98148,47.4366,-122.335,1290,8750
505000,3,1.75,2519,8690,2,0,0,5,8,2519,0,1973,0,98166,47.4428,-122.344,2500,9500
549000,3,1.75,1540,1044,3,0,0,3,8,1540,0,2014,0,98115,47.6765,-122.32,1580,3090
425000,3,2.25,1660,6000,1,0,0,3,7,1110,550,1979,0,98122,47.6113,-122.297,1440,4080
317625,3,2.75,2770,3809,1.5,0,0,5,7,1770,1000,1925,0,98144,47.5747,-122.304,1440,4000
975000,4,2.5,2720,11049,2,0,0,3,10,2720,0,1989,0,98004,47.5815,-122.192,2750,11049
287000,4,2.5,2240,4648,2,0,0,3,7,2240,0,2005,0,98001,47.3378,-122.257,2221,4557
204000,3,1,1000,12070,1,0,0,4,7,1000,0,1968,0,98042,47.3621,-122.11,1010,12635
1.325E+06,5,2.25,3200,20158,1,0,0,3,8,1600,1600,1965,0,98004,47.6303,-122.215,3390,20158
1.04E+06,5,3.25,4770,50094,1,0,0,4,11,3070,1700,1973,0,98005,47.6525,-122.16,3530,38917
325000,3,2,1260,5612,1,0,0,4,7,1260,0,1972,0,98034,47.7362,-122.179,1640,4745
571000,4,2,2750,7807,1.5,0,0,5,7,2250,500,1916,0,98125,47.7168,-122.287,1510,7807
360000,4,2.5,2380,5000,2,0,0,3,8,2380,0,2005,0,98038,47.3608,-122.036,2420,5000
349000,3,1.75,1790,50529,1,0,0,5,7,1090,700,1965,0,98042,47.3511,-122.073,1940,50529
832500,4,4,3430,35102,2,0,0,4,10,2390,1040,1986,0,98075,47.5822,-121.987,3240,35020
380000,4,1.75,1760,7300,1,0,0,3,7,880,880,1956,0,98008,47.6034,-122.125,1680,7500
480000,3,1,1040,5060,1,0,0,3,7,1040,0,1941,0,98116,47.5636,-122.394,890,5060
410000,3,1,1410,5060,1,0,0,4,7,910,500,1956,0,98133,47.7073,-122.34,1130,5693
720000,4,2.5,3450,39683,2,0,0,3,10,3450,0,2002,0,98010,47.342,-122.025,3350,39750
390000,3,2.5,2350,5100,2,0,0,3,8,2350,0,2003,0,98038,47.3512,-122.008,2350,5363
360000,4,2.5,1900,5889,2,0,0,3,7,1900,0,1992,0,98038,47.349,-122.031,1870,6405
355000,2,1,2020,6720,1,0,0,3,7,1010,1010,1948,0,98118,47.5474,-122.291,1720,6720
356000,3,1.5,1680,8712,1,0,0,3,8,1680,0,1964,0,98059,47.4811,-122.149,1850,8797
315000,3,1,960,6634,1,0,0,3,6,960,0,1952,0,98125,47.7264,-122.31,1570,7203
940000,3,1.5,2140,3600,2,0,0,3,9,1900,240,1925,0,98119,47.6337,-122.365,2020,4800
305000,5,2.25,2660,8400,1.5,0,0,5,7,2660,0,1961,0,98092,47.2909,-122.189,1590,8165
461000,3,3.25,2770,6278,2,0,0,3,9,1980,790,2006,0,98056,47.5228,-122.199,1900,7349
215000,2,2.25,1610,2040,2,0,0,4,7,1610,0,1979,0,98056,47.518,-122.194,1950,2025
335000,2,1.75,1030,1066,2,0,0,3,7,765,265,2006,0,98136,47.5394,-122.387,1030,1106
243500,4,2.5,1980,7403,2,0,0,3,7,1980,0,1988,0,98023,47.2897,-122.372,1980,7510
1.09988E+06,5,2.75,3520,6353,2,0,0,4,10,3520,0,2001,0,98199,47.6506,-122.391,2520,6250
153000,3,1,1200,10500,1,0,0,3,7,1200,0,1962,0,98023,47.322,-122.351,1350,10500
430000,3,1.5,1580,5000,1,0,0,3,8,1290,290,1939,0,98117,47.687,-122.386,1570,4500
700000,3,1.5,1580,5000,1,0,0,3,8,1290,290,1939,0,98117,47.687,-122.386,1570,4500
905000,4,2.5,3300,10250,1,0,0,3,7,2390,910,1946,1991,98040,47.5873,-122.249,1950,6045
247500,3,1.75,1960,15681,1,0,0,3,7,1960,0,1967,0,98032,47.3576,-122.277,1750,15616
199000,4,1.5,1160,6400,1,0,0,4,7,1160,0,1975,0,98023,47.3036,-122.378,1160,6400
314000,3,1.75,1810,41800,1,0,0,5,7,1210,600,1980,0,98038,47.4109,-121.958,1650,135036
437500,3,2.5,2320,36847,2,0,2,3,9,2320,0,1992,0,98045,47.4838,-121.714,2550,35065
850830,3,2.5,2070,13241,1.5,0,0,5,9,1270,800,1910,0,98102,47.6415,-122.315,2200,4500
555000,3,2,1980,3478,1.5,0,0,4,7,1440,540,1929,0,98117,47.6775,-122.372,1610,3478
699950,3,2.25,2190,107593,2,0,0,4,8,2190,0,1983,0,98077,47.7731,-122.08,2570,47777
1.088E+06,3,2.5,2920,8113,2,0,0,3,8,2920,0,1950,2010,98004,47.5814,-122.196,2370,8113
290000,3,1,1210,33919,1,0,0,3,7,1210,0,1954,0,98058,47.4375,-122.184,1640,14910
375000,3,2.5,2340,10005,1,0,0,4,8,1460,880,1978,0,98058,47.4431,-122.133,2250,8162
460000,3,1,1670,4005,1.5,0,0,4,7,1170,500,1939,0,98117,47.6878,-122.38,1240,4005
188500,2,1.75,1240,2493,1,0,0,4,8,1240,0,1985,0,98198,47.3813,-122.322,1270,4966
680000,4,2.5,3140,28037,2,0,0,4,10,3140,0,1991,0,98077,47.7304,-122.082,2990,35001
470000,5,1.75,2030,12342,2,0,0,4,7,2030,0,1942,0,98052,47.6417,-122.109,2500,9433
597750,4,2.5,2310,9624,2,0,0,3,8,2310,0,1984,0,98027,47.5386,-122.053,1940,9636
570000,3,1.75,1260,3328,1,0,0,5,6,700,560,1905,0,98103,47.6823,-122.349,1380,3536
272500,3,1.75,1540,12600,1,0,0,4,7,1160,380,1980,0,98038,47.3624,-122.031,1540,11656
329950,3,1.75,2080,5969,1,0,2,3,7,1080,1000,1971,0,98108,47.5474,-122.295,2090,5500
480000,4,2.5,3230,16171,2,0,3,3,9,2520,710,2001,0,98001,47.3183,-122.253,2640,8517
740500,3,3.5,4380,6350,2,0,0,3,8,2780,1600,1900,1999,98117,47.6981,-122.368,1830,6350
518500,3,3.5,1590,1102,3,0,0,3,8,1590,0,2010,0,98103,47.6824,-122.347,1620,3166
205425,2,1,880,6780,1,0,0,4,6,880,0,1945,0,98178,47.5009,-122.248,1190,6780
171800,4,2,1570,9600,1,0,0,3,6,1570,0,1950,0,98168,47.4965,-122.303,1880,9000
535000,4,1,1610,2982,1.5,0,0,4,7,1610,0,1925,0,98144,47.587,-122.294,1610,4040
660000,3,2.5,2400,6474,1,0,2,3,8,1560,840,1964,0,98177,47.7728,-122.386,2340,10856
391500,3,2,1450,9132,1,0,0,3,7,1450,0,1987,0,98034,47.7288,-122.226,1580,9104
395000,2,1,770,6000,1,0,0,3,6,770,0,1953,0,98117,47.6999,-122.364,1710,6000
445000,4,1.75,2100,4400,1.5,0,0,5,7,1720,380,1924,0,98118,47.5299,-122.266,1850,4400
770000,3,2.25,2910,10204,2,0,0,3,9,2910,0,1990,0,98052,47.6897,-122.098,2700,13992
1.45E+06,4,2.75,2750,17789,1.5,0,0,3,8,1980,770,1914,1992,98004,47.6141,-122.212,3060,11275
445000,3,2.25,2100,8201,1,0,2,3,8,1620,480,1967,0,98178,47.5091,-122.244,2660,8712
260000,4,2.25,2160,8811,1,0,0,3,8,1360,800,1978,0,98023,47.3129,-122.39,2090,8400
822500,5,3.5,2320,4960,2,0,0,5,7,1720,600,1926,0,98103,47.6763,-122.352,1700,4960
430000,4,2.5,2070,4310,2,0,0,3,7,2070,0,2004,0,98065,47.5319,-121.85,1970,3748
212000,3,1.75,1060,7875,1,0,0,4,7,1060,0,1986,0,98092,47.2761,-122.152,1420,7680
660500,4,2.25,2010,9603,1,0,0,3,8,1440,570,1986,0,98027,47.5343,-122.054,2060,9793
784000,3,3.5,3950,111078,1.5,0,0,3,9,2460,1490,1989,0,98052,47.697,-122.072,2480,88500
453246,3,2.5,2010,2287,2,0,0,3,8,1390,620,2014,0,98029,47.5517,-121.998,1690,1662
675000,4,3.5,2140,2278,3,0,0,3,9,2140,0,2005,0,98107,47.6734,-122.38,1540,2285
199000,3,1.75,1320,17390,1,0,0,4,7,1320,0,1956,0,98003,47.3257,-122.296,1550,19265
220000,4,1.75,2020,7840,1,0,0,3,7,1010,1010,1968,0,98003,47.3309,-122.299,1750,8140
452000,4,2.25,2590,10002,1,0,0,4,8,1340,1250,1968,0,98028,47.7689,-122.266,1550,10436
382500,2,1,1190,4440,1,0,0,3,6,1190,0,1981,0,98125,47.7135,-122.287,1060,5715
519950,3,2.25,1170,1249,3,0,0,3,8,1170,0,2014,0,98107,47.6722,-122.381,1350,1310
665000,2,1,1110,3200,1,0,0,3,7,1110,0,1925,0,98119,47.6338,-122.358,1170,3600
527700,5,2.5,2820,9375,1,0,0,4,8,1550,1270,1968,0,98006,47.5707,-122.128,2820,9375
205000,3,1,1610,8579,1,0,0,4,7,1010,600,1962,0,98058,47.4563,-122.171,1610,8579
420000,3,1,1060,8097,1,0,0,4,7,940,120,1923,0,98133,47.7144,-122.351,1560,7940
500000,4,2.25,2030,8517,1,0,0,4,8,1380,650,1961,0,98006,47.5495,-122.174,2230,8824
921500,4,2.5,3670,315374,2,0,0,4,9,3670,0,1994,0,98077,47.7421,-122.026,2840,87991
890000,4,1,2550,4000,2,0,0,3,8,2370,180,1905,0,98109,47.6354,-122.353,2200,4000
430000,2,2.5,2420,60984,2,0,0,3,7,2420,0,2007,0,98027,47.5262,-121.943,1940,193842
258000,5,2,2260,12500,1,0,0,4,8,1130,1130,1960,0,98032,47.3887,-122.286,1360,18000
511000,3,1,1430,3455,1,0,0,3,7,980,450,1947,0,98103,47.6873,-122.336,1450,4599
532170,3,2,1360,3090,2,0,0,3,8,1360,0,1990,0,98103,47.6838,-122.353,1500,3090
560000,3,1,1110,5000,1.5,0,0,3,7,1110,0,1947,0,98107,47.655,-122.359,1420,5000
282950,3,1,1250,8200,1,0,0,4,7,1250,0,1954,0,98003,47.3255,-122.304,1680,8633
2.25E+06,4,3.25,5180,19850,2,0,3,3,12,3540,1640,2006,0,98006,47.562,-122.162,3160,9750
350000,1,1,700,5100,1,0,0,3,7,700,0,1942,0,98115,47.679,-122.3,1010,5100
215000,3,1,1180,7669,1,0,0,4,7,1180,0,1967,0,98058,47.4479,-122.176,1190,7669
650000,5,3.5,3960,25245,2,0,0,3,9,2500,1460,1996,0,98056,47.525,-122.172,2640,13675
320000,4,2.75,2640,7500,1,0,0,3,8,1620,1020,1967,0,98023,47.3135,-122.369,1980,7875
247000,3,2,1270,7198,1.5,0,0,3,7,1270,0,1916,2013,98022,47.2086,-121.996,1160,7198
320000,4,1.75,1760,11180,1,0,0,4,8,1760,0,1968,0,98059,47.4715,-122.118,1730,11180
255000,5,2.25,2060,8632,1,0,0,3,7,1030,1030,1962,0,98146,47.4877,-122.335,1010,11680
438000,3,1.75,1780,9660,1,0,0,3,7,1780,0,1962,0,98034,47.7171,-122.193,1200,9660
900000,3,2.5,3400,16603,2,0,0,3,10,3400,0,2000,0,98075,47.6012,-122.023,3400,12601
441000,3,2.75,1910,7280,1,0,0,3,7,1160,750,1979,0,98034,47.7319,-122.224,1710,8152
420000,3,2,2020,38332,1,0,0,4,7,1010,1010,1975,0,98027,47.4582,-122.023,2110,36590
370000,3,1.75,1580,7000,1,0,0,3,7,1180,400,1976,0,98034,47.7209,-122.168,1640,7500
269950,2,1.75,1340,7250,1,0,0,5,5,700,640,1949,0,98198,47.408,-122.327,1830,9750
807100,4,2.5,2680,4499,2,0,0,3,9,2680,0,1999,0,98006,47.565,-122.125,2920,4500
653000,3,2.5,2680,9750,1,0,0,4,8,1610,1070,1979,0,98034,47.7028,-122.231,2480,8750
371500,3,2,1370,8336,1,0,0,5,7,1370,0,1964,0,98133,47.7458,-122.331,1770,7288
284000,3,1.75,1560,21000,1,0,0,3,7,1560,0,1954,0,98166,47.4776,-122.337,1070,7920
272000,3,1.75,2160,7140,1,0,0,4,7,1670,490,1978,0,98023,47.3026,-122.374,1930,7350
313000,3,1.5,1340,7912,1.5,0,0,3,7,1340,0,1955,0,98133,47.7658,-122.339,1480,7940
917500,4,2.5,3880,35003,2,0,0,3,10,2570,1310,1984,0,98033,47.6477,-122.182,3740,35230
673000,4,2.25,2590,8190,2,0,0,4,8,2590,0,1980,0,98006,47.5619,-122.125,2260,8335
425000,3,2.5,1120,1100,2,0,0,3,8,820,300,2008,0,98122,47.6106,-122.31,1590,1795
399950,5,2.75,1970,5400,1,0,0,3,7,1320,650,1986,0,98144,47.5868,-122.308,1280,2150
385000,3,1,1220,4800,1,0,0,3,6,1220,0,1901,0,98122,47.6101,-122.307,1200,4800
269950,3,1.5,1950,7560,1,0,2,4,7,1320,630,1975,0,98022,47.1976,-121.999,1950,8941
330000,2,1,1350,8220,1,0,0,3,7,1060,290,1949,0,98177,47.7224,-122.358,1540,8280
260000,3,2.5,1670,5797,2,0,0,3,7,1670,0,1988,0,98030,47.3505,-122.179,1670,6183
470000,4,3,2380,5125,1.5,0,0,4,7,1680,700,1925,0,98126,47.5384,-122.376,1410,5375
589000,4,3,2440,9600,2,0,0,5,7,2440,0,1961,0,98034,47.7044,-122.2,2290,9600
163500,2,1.5,1050,3419,2,0,0,3,7,1050,0,1996,0,98038,47.3848,-122.039,1050,3417
835000,4,2.75,3130,13412,2,0,0,3,9,2140,990,1993,0,98052,47.6993,-122.102,2260,9984
1.095E+06,5,3,4090,12850,1,0,2,4,10,2090,2000,1986,0,98033,47.6627,-122.188,2540,10270
269000,4,1.75,1490,10000,1,0,0,4,8,1100,390,1969,0,98023,47.3099,-122.379,2190,8910
560000,3,2.5,1900,8744,2,0,0,3,8,1900,0,1987,0,98074,47.62,-122.043,2030,8744
615000,4,1,1330,2400,1.5,0,0,4,6,1330,0,1901,0,98103,47.65,-122.34,1330,4400
585188,3,2.25,2230,10026,1,0,0,3,8,1430,800,1975,0,98052,47.6647,-122.153,2230,9340
305000,3,1.75,1650,9480,1,0,0,3,7,1220,430,1977,0,98034,47.726,-122.191,1540,8400
166950,3,1,1190,8820,1,0,0,3,6,1190,0,1959,0,98058,47.4616,-122.184,1230,7980
799000,3,2.5,2140,9897,1,0,0,4,8,2140,0,1959,0,98040,47.5505,-122.219,2680,10083
400000,3,2.5,2180,7508,1,0,0,4,7,1420,760,1962,0,98133,47.7606,-122.336,1900,7818
230000,3,1,1060,10228,1,0,0,3,7,1060,0,1948,0,98155,47.7481,-122.3,1570,10228
256883,3,2.5,1690,5025,2,0,0,3,8,1690,0,2003,0,98023,47.2779,-122.347,2550,5001
423000,4,2,1970,6480,1.5,0,0,5,7,1130,840,1920,0,98108,47.5511,-122.312,1500,6480
465000,3,2.5,2150,4084,2,0,0,3,8,2150,0,2007,0,98126,47.5488,-122.372,1750,2385
440000,3,2.5,1910,66211,2,0,0,3,7,1910,0,1997,0,98024,47.5385,-121.911,2330,67268
385000,3,1.75,1350,155073,1,0,0,4,7,1350,0,1969,0,98038,47.4058,-121.994,1560,50965
210000,3,1,860,11725,1,0,0,4,6,860,0,1943,0,98056,47.5093,-122.184,1300,9514
297000,3,2.5,1940,14952,2,0,0,3,8,1940,0,1994,0,98042,47.3777,-122.165,2030,10450
470000,3,1,1010,5000,1,0,0,3,7,1010,0,1952,0,98107,47.675,-122.394,1680,5000
226500,3,1.5,1300,7370,1,0,0,4,7,900,400,1976,0,98023,47.3025,-122.37,1430,7500
274250,3,1,910,8450,1,0,0,4,6,910,0,1962,0,98059,47.4787,-122.158,1400,8040
840000,4,1.75,2480,11010,1,0,0,4,9,1630,850,1966,0,98040,47.5378,-122.219,2770,10744
677900,3,2.5,2440,4587,2,0,0,3,8,2440,0,2010,0,98052,47.7073,-122.114,2750,4587
425000,3,1,1010,5864,1,0,0,3,7,1010,0,1915,0,98116,47.5733,-122.381,1290,5000
180250,2,0.75,900,9600,1,0,0,3,6,900,0,1941,0,98166,47.4604,-122.339,1250,14280
464000,6,3,2300,3404,2,0,0,3,7,1600,700,1920,1994,98133,47.7067,-122.343,1560,1312
320000,4,2.25,1550,7579,2,0,0,3,8,1550,0,1993,0,98038,47.354,-122.047,1630,6397
625504,3,2.25,1270,1566,2,0,0,3,8,1060,210,2014,0,98105,47.6647,-122.284,1160,1327
592500,4,2.5,2240,12032,1,0,0,3,9,2240,0,1983,0,98074,47.6143,-122.017,2520,12368
465000,3,2.5,2714,17936,2,0,0,3,9,2714,0,2005,0,98001,47.3185,-122.275,2590,18386
477000,4,2.75,1720,6270,2,0,0,3,8,1720,0,1978,0,98118,47.5458,-122.268,2130,8700
280000,2,1,850,16400,1,0,0,3,6,850,0,1923,0,98168,47.4889,-122.299,1100,14459
1.505E+06,5,3,3300,33474,1,0,3,3,9,1870,1430,1957,1991,98040,47.5673,-122.21,3836,20953
445838,3,2.5,2250,5692,2,0,0,3,8,2250,0,2000,0,98146,47.5133,-122.379,1320,5390
1.072E+06,2,2.25,3900,14864,1,0,3,3,8,1950,1950,1947,0,98144,47.5884,-122.291,2580,5184
467000,2,1.5,1320,10800,1,0,0,4,8,1320,0,1947,0,98177,47.7145,-122.367,2120,12040
686000,4,2.5,2760,6440,2,0,0,3,10,2760,0,1999,0,98075,47.5836,-122.026,3070,8127
279950,3,2,1750,9750,1,0,0,3,7,1350,400,1961,0,98198,47.398,-122.299,1900,10125
527000,4,2.25,2330,19436,2,0,0,3,8,2330,0,1987,0,98011,47.7663,-122.215,1910,10055
325000,3,2.25,2220,16020,1,0,0,4,8,1780,440,1966,0,98030,47.3758,-122.217,2080,9583
328000,3,2.25,2020,8379,2,0,0,3,7,2020,0,1994,0,98038,47.3828,-122.023,2020,8031
390000,3,2.25,1250,7500,1,0,0,5,7,1250,0,1942,0,98146,47.5123,-122.373,1280,7392
479950,2,2,1510,6516,1,0,0,3,8,1510,0,2005,0,98053,47.7076,-122.013,1640,6009
264950,4,2.25,1720,9753,1,0,0,4,7,1120,600,1978,0,98023,47.2922,-122.371,1510,9753
235000,3,1,1430,15246,1,0,0,4,7,980,450,1961,0,98031,47.4075,-122.214,1960,13068
516500,3,2.5,1480,4729,2,0,0,3,7,1480,0,2004,0,98053,47.6794,-122.034,2250,4729
655000,2,1.75,1450,15798,2,1,4,3,7,1230,220,1915,1978,98166,47.4497,-122.375,2030,13193
500000,4,2.75,2280,15347,1,0,0,5,7,2280,0,1960,0,98059,47.5218,-122.164,2280,15347
315000,6,2.75,2940,7350,1,0,0,3,8,1780,1160,1978,0,98023,47.3103,-122.339,2120,8236
213000,2,1,1000,10200,1,0,0,3,6,1000,0,1961,0,98024,47.5687,-121.899,1150,13702
475000,3,1.5,2480,5280,1.5,0,0,5,7,1620,860,1947,0,98108,47.5575,-122.303,2090,4800
1.025E+06,5,4,3760,28040,2,0,0,3,10,3760,0,1983,0,98033,47.6489,-122.183,3430,35096
416000,3,2,2220,94300,1,0,0,5,7,1640,580,1976,0,98010,47.3459,-121.95,2070,80100
410000,4,1,1970,4740,1.5,0,0,3,7,1670,300,1904,2005,98122,47.6136,-122.303,1510,4740
800000,3,3.5,3830,221284,2,0,0,3,10,3530,300,1993,0,98077,47.7641,-122.023,2920,148539
472000,6,2.5,4410,14034,1,0,2,4,9,2350,2060,1965,0,98003,47.3376,-122.324,2600,13988
225000,3,1.75,1430,8505,1,0,0,4,7,1430,0,1968,0,98003,47.3173,-122.319,1190,8640
210000,2,1,830,6000,1,0,0,3,6,830,0,1940,0,98126,47.5308,-122.376,830,4960
455000,2,1,1430,5000,1.5,0,0,2,7,1430,0,1925,0,98115,47.6727,-122.299,1450,3750
225000,3,1,1300,8316,1,0,0,4,6,1300,0,1954,0,98002,47.3221,-122.216,1260,8316
480000,2,1,1030,3060,1,0,2,4,7,790,240,1918,0,98103,47.6779,-122.353,1390,3060
363000,3,2.5,2740,11872,2,0,0,3,9,2740,0,1990,0,98023,47.3076,-122.395,2570,10377
2.4E+06,4,2.5,3650,8354,1,1,4,3,9,1830,1820,2000,0,98074,47.6338,-122.072,3120,18841
181000,2,1.5,720,5120,1,0,0,3,6,720,0,1954,0,98106,47.5218,-122.357,1150,2566
250000,4,2,2010,7312,1,0,0,4,7,2010,0,1976,0,98002,47.2785,-122.213,2010,7650
481000,3,1.75,1560,3000,1,0,0,4,6,770,790,1918,0,98103,47.6846,-122.345,1390,3000
260000,3,2,1810,7209,1,0,0,4,7,1240,570,1978,0,98032,47.3656,-122.278,1750,7209
455000,4,2.5,3360,7685,2,0,0,3,9,3360,0,2001,0,98058,47.4369,-122.111,3060,6567
415000,3,2.25,1510,36224,2,0,0,3,8,1510,0,1991,0,98045,47.4616,-121.711,1730,36224
349500,3,1,1400,3538,1,0,0,3,7,800,600,1953,0,98118,47.5405,-122.27,1620,6331
245000,3,2.5,1730,7442,2,0,0,3,7,1730,0,1987,0,98030,47.3507,-122.178,1630,6458
592500,2,2,1420,9191,1.5,0,2,5,7,1420,0,1928,0,98115,47.6979,-122.32,1420,6816
385000,4,1.75,2360,7620,1,0,0,4,7,1180,1180,1955,0,98106,47.5278,-122.345,1910,7620
315000,3,1.75,1580,11455,1,0,0,4,7,1200,380,1974,0,98059,47.4756,-122.147,1550,10650
255000,3,1,1230,10170,1,0,0,3,7,1230,0,1979,0,98045,47.4437,-121.772,1380,10098
693000,4,2.5,2460,4425,2,0,0,3,8,2460,0,2006,0,98052,47.7048,-122.109,2990,5659
780000,3,1,1660,4400,1.5,0,0,3,8,1460,200,1911,0,98112,47.6362,-122.302,1660,4400
237000,3,1.75,1270,8470,1,0,0,4,7,1270,0,1960,0,98198,47.4207,-122.29,1600,8470
525000,3,2.25,2100,40510,2,0,0,3,10,1320,780,1979,0,98074,47.6154,-122.047,2380,33450
425000,2,1,770,5040,1,0,0,3,5,770,0,1930,0,98144,47.5964,-122.299,1330,2580
369900,1,0.75,760,10079,1,1,4,5,5,760,0,1936,0,98070,47.4683,-122.438,1230,14267
290000,4,2.5,1700,7280,2,0,0,4,7,1700,0,1988,0,98031,47.4045,-122.171,1950,7475
285000,3,1,1120,10701,1,0,0,3,7,1120,0,1954,0,98106,47.5544,-122.358,1130,6350
415000,2,1,1070,4500,1,0,0,3,7,1070,0,1937,0,98115,47.6802,-122.29,1320,4465
272500,3,2.5,2070,9900,1,0,0,3,8,1420,650,1979,0,98023,47.2988,-122.371,2070,8250
2.9E+06,4,3.25,5050,20100,1.5,0,2,3,11,4750,300,1982,2008,98004,47.6312,-122.223,3890,20060
1.365E+06,4,4.75,5310,57346,2,0,0,4,11,5310,0,1989,0,98077,47.7285,-122.042,4180,47443
436000,2,1,1040,7538,1,0,0,4,7,1040,0,1939,0,98133,47.7107,-122.352,1440,7530
210000,3,1,1700,11390,1,0,0,4,7,1700,0,1967,0,98003,47.3271,-122.323,1350,8164
236000,3,1,1300,5898,1,0,0,3,7,1300,0,1961,0,98178,47.5053,-122.255,1320,7619
331000,3,1.75,1080,1306,1,0,0,3,7,580,500,1954,2003,98199,47.6601,-122.4,1440,2225
365000,3,2.5,2653,4510,2,0,0,3,8,2653,0,2006,0,98031,47.4145,-122.166,2653,4927
450000,3,2,2290,16258,1,0,0,5,8,2290,0,1960,0,98058,47.4672,-122.165,1660,10530
770000,4,2.75,3820,26300,2,0,0,3,9,2850,970,2014,0,98028,47.7618,-122.261,1860,12136
455000,4,2.5,2210,49375,1,0,0,3,8,2210,0,1997,0,98038,47.3828,-122.071,2670,49385
405000,3,1.75,2390,6000,1,0,0,3,6,1240,1150,1908,0,98118,47.5362,-122.268,2020,6000
304900,4,1.75,2600,11325,1,0,0,4,7,1610,990,1969,0,98031,47.3954,-122.206,1720,11088
170000,2,1,860,5265,1,0,0,3,6,860,0,1931,0,98178,47.5048,-122.272,1650,8775
2.05E+06,5,3,3830,8480,2,0,1,5,9,2630,1200,1905,1994,98122,47.6166,-122.287,3050,7556
780000,4,2.5,3500,7048,2,0,0,3,9,3500,0,2005,0,98053,47.6811,-122.025,3920,7864
330000,3,3,2420,13959,1,0,0,4,8,1740,680,1988,0,98028,47.7486,-122.23,2570,13300
370000,4,2.5,2720,8666,2,0,0,3,9,2720,0,1992,0,98030,47.3846,-122.169,2410,8100
467000,5,2.25,2500,13500,1,0,0,3,7,1850,650,1979,0,98072,47.7564,-122.144,2300,9750
405000,3,1.75,1670,6720,1,0,0,3,7,1140,530,1980,0,98034,47.7198,-122.193,1670,7320
675000,5,2.25,2900,10300,1,0,0,3,8,1450,1450,1985,0,98006,47.5461,-122.151,2310,10300
500000,2,1,1640,14100,1,0,0,4,7,1140,500,1954,0,98006,47.5712,-122.143,1520,13527
389999,4,2.5,1890,15770,2,0,0,4,7,1890,0,1968,0,98166,47.4281,-122.343,2410,15256
630000,4,1.75,2950,9025,1,0,2,4,8,1780,1170,1975,0,98034,47.7128,-122.223,2120,9600
360000,4,2.5,2160,9528,2,0,0,3,9,2160,0,1992,0,98001,47.3341,-122.255,2280,9937
580000,4,3,3280,11060,2,0,0,3,8,2270,1010,1986,0,98056,47.5399,-122.181,2320,11004
550000,3,2,1970,4166,2,0,3,5,8,1270,700,1929,0,98126,47.5717,-122.375,2390,4166
879000,4,2.5,3360,22111,2,0,0,3,10,3360,0,1994,0,98075,47.5951,-122.017,3150,11374
265000,3,2,1320,8959,1,0,0,3,7,1320,0,1993,0,98042,47.3536,-122.144,1740,7316
446500,3,2.5,2650,7286,2,0,0,3,8,2650,0,1990,0,98059,47.5084,-122.154,2400,7220
404000,3,1.5,2030,8880,1,0,0,3,7,1330,700,1963,0,98108,47.5586,-122.311,2140,5592
267500,3,1.75,1590,11914,1,0,2,3,7,1090,500,1957,0,98188,47.4427,-122.274,1630,9052
3.075E+06,4,5,4550,18641,1,1,4,3,10,2600,1950,2002,0,98074,47.6053,-122.077,4550,19508
335000,3,2.5,2440,7632,2,0,0,3,8,2440,0,1998,0,98003,47.3494,-122.301,2510,7903
576000,3,2.5,1940,9000,1,0,0,4,7,970,970,1948,0,98117,47.6933,-122.393,2190,7310
208633,3,2.5,2040,3810,2,0,0,3,8,2040,0,2006,0,98038,47.3537,-122,2370,4590
315000,3,2.25,2200,8750,1,0,0,4,7,1120,1080,1964,0,98166,47.476,-122.337,1460,10139
725000,3,1.75,1920,3300,1,0,0,4,8,960,960,1913,0,98112,47.6239,-122.298,1740,4000
550000,4,2.75,1800,7750,1,0,0,4,8,1400,400,1965,0,98177,47.7776,-122.384,1800,8275
610750,4,2.25,2180,7297,2,0,0,3,8,2180,0,1984,0,98074,47.6459,-122.058,2250,9781
550700,2,1,1010,5000,1.5,0,0,4,6,1010,0,1908,0,98105,47.6692,-122.297,1460,5000
665000,4,2.75,3320,10574,2,0,0,5,8,2220,1100,1960,0,98056,47.5376,-122.18,2720,8330
834000,4,2.5,2370,4000,1.5,0,2,5,8,1980,390,1928,0,98144,47.601,-122.294,2440,5750
201000,5,1.75,1660,78408,1.5,0,0,3,6,1660,0,1915,0,98065,47.529,-121.837,1660,78408
2.384E+06,5,2.5,3650,9050,2,0,4,5,10,3370,280,1921,0,98119,47.6345,-122.367,2880,5400
1.384E+06,4,3.25,4290,12103,1,0,3,3,11,2690,1600,1997,0,98006,47.5503,-122.102,3860,11244
1.4E+06,4,3.25,4290,12103,1,0,3,3,11,2690,1600,1997,0,98006,47.5503,-122.102,3860,11244
305000,4,2.25,1950,7700,1,0,0,3,8,1350,600,1979,0,98058,47.4441,-122.125,2150,7350
487000,3,2,2590,14052,1,0,0,5,8,1720,870,1948,0,98133,47.7357,-122.333,1570,8162
390000,3,2.5,1930,64904,1,0,0,4,8,1930,0,1988,0,98042,47.346,-122.157,2350,57500
548000,2,1,1470,3864,1,0,0,4,7,1170,300,1916,0,98103,47.6638,-122.345,1570,3864
268750,4,1,800,8775,1,0,0,3,6,800,0,1943,0,98166,47.48,-122.336,1310,8775
819900,5,2.75,3150,7119,2,0,0,3,9,3150,0,2013,0,98052,47.6759,-122.151,1560,8384
520000,3,2.25,2030,16200,2,0,0,3,8,2030,0,1984,0,98027,47.5162,-122.057,2660,17958
230000,3,2,1450,11204,1,0,0,3,7,1450,0,2003,0,98001,47.2639,-122.252,1520,9518
240000,3,1.75,1510,10248,1,0,0,3,7,1510,0,1969,0,98023,47.2929,-122.371,1510,9753
232000,2,1,1240,12092,1,0,0,3,6,960,280,1922,1984,98146,47.4957,-122.352,1820,7460
240500,2,1,1240,12092,1,0,0,3,6,960,280,1922,1984,98146,47.4957,-122.352,1820,7460
274975,3,2.5,3030,45004,2,0,0,3,9,3030,0,1987,0,98077,47.7721,-122.093,3080,35781
740000,4,2,2050,4400,1.5,0,0,4,9,2050,0,1922,0,98102,47.644,-122.319,2320,5500
186375,3,1,1000,7636,1,0,0,2,7,1000,0,1952,0,98166,47.472,-122.344,1150,7600
790000,3,2.25,2370,10289,1,0,0,4,9,1590,780,1977,0,98005,47.592,-122.166,2500,10004
880000,4,3.5,2800,6750,2,0,0,3,9,1890,910,1951,2002,98105,47.669,-122.275,2370,6120
279000,6,1.75,2240,11180,2,0,0,4,7,2240,0,1955,0,98198,47.42,-122.323,1590,7955
295000,3,2,1810,10530,1,0,2,3,8,1810,0,1991,0,98022,47.1913,-122.012,1910,10450
640000,2,1,1070,5000,1,0,0,3,7,1070,0,1924,0,98103,47.6666,-122.331,1710,5000
940000,4,2,2490,9525,2,0,0,5,9,2490,0,1968,0,98040,47.5639,-122.217,2770,9525
260000,4,2.5,1960,5238,2,0,0,3,7,1960,0,2003,0,98038,47.3483,-122.052,1800,5894
559900,3,2.75,2930,5569,1,0,0,3,9,1860,1070,2004,0,98072,47.7648,-122.164,2580,11045
791500,4,2,1510,3500,1.5,0,0,5,7,1510,0,1911,0,98103,47.6794,-122.357,1820,3750
265000,3,1.75,1420,8250,1,0,0,3,7,1420,0,1954,0,98133,47.7535,-122.354,1740,8000
245000,3,1.75,1740,11547,1,0,0,3,7,1740,0,1954,0,98178,47.4945,-122.22,880,78408
485000,4,1.75,2560,43995,2,0,0,4,7,2560,0,1962,0,98052,47.6945,-122.093,2560,14764
684000,4,3.5,3040,8414,2,0,0,3,9,2420,620,2010,0,98059,47.5222,-122.157,3470,8066
425000,3,1.75,2500,6840,1,0,0,3,8,1300,1200,1957,0,98125,47.7222,-122.32,1580,8691
309600,4,1.75,1275,20000,1,0,0,4,6,1275,0,1991,0,98070,47.3796,-122.49,1660,20000
552250,4,2.5,2580,5823,2,0,0,3,8,2580,0,2002,0,98065,47.5374,-121.875,2380,5823
165000,4,1,1000,7134,1,0,0,3,6,1000,0,1943,0,98178,47.4897,-122.24,1020,7138
239900,4,1,1000,7134,1,0,0,3,6,1000,0,1943,0,98178,47.4897,-122.24,1020,7138
320000,2,1,1070,32633,1,0,0,4,6,1070,0,1930,0,98059,47.4716,-122.078,1360,32156
206600,3,2,1390,13464,1,0,0,4,7,1390,0,1987,0,98030,47.3581,-122.173,1720,12080
387000,4,1.75,2500,7690,1,0,0,3,7,1250,1250,1973,0,98155,47.7713,-122.307,2040,8646
299000,1,0.75,560,12120,1,0,0,3,4,560,0,1967,0,98014,47.675,-121.854,1300,19207
855000,4,2.75,2270,10460,2,0,0,3,9,2270,0,1965,0,98040,47.5603,-122.222,2610,10180
315000,3,1,1900,14400,1,0,0,4,7,1300,600,1954,0,98166,47.4147,-122.337,1940,14400
437500,2,1,990,3120,1,0,2,5,7,790,200,1907,0,98103,47.68,-122.353,1930,3120
252000,4,1.5,1550,19800,1,0,0,4,7,1050,500,1969,0,98001,47.3117,-122.27,1640,22654
375000,4,1.75,2200,7475,1,0,0,5,7,1100,1100,1955,0,98118,47.543,-122.28,1600,5766
300000,4,2.5,1910,4862,2,0,0,3,7,1910,0,2005,0,98038,47.3607,-122.034,2010,5091
420000,4,1,1750,9600,1.5,0,0,4,7,1750,0,1954,0,98006,47.5759,-122.137,1750,10530
900000,3,1,1330,77972,1,0,0,3,7,1330,0,1928,1954,98033,47.6891,-122.159,1340,17689
679900,3,2.5,2440,5750,2,0,2,3,9,1980,460,2000,0,98116,47.565,-122.381,1520,5750
463000,3,2.5,1640,29970,2,0,0,3,7,1640,0,1992,0,98053,47.6359,-121.974,1580,28399
380000,5,2.5,2760,11340,2,0,0,4,9,2760,0,1978,0,98059,47.4769,-122.141,2470,11340
329500,4,2.5,1820,7912,2,0,0,3,7,1820,0,1994,0,98038,47.3845,-122.029,1820,8168
604950,3,2.5,2110,5608,1,0,0,3,8,1340,770,2013,0,98033,47.6743,-122.184,2040,9363
795000,5,2.5,3040,9570,1,0,2,4,8,1640,1400,1966,0,98006,47.5651,-122.164,2920,8800
465000,3,2,1840,40438,2,0,0,3,7,1840,0,1994,0,98045,47.4853,-121.709,1380,44049
673000,4,2.5,2990,10400,2,0,0,3,9,2990,0,2002,0,98166,47.4508,-122.359,2140,17449
810000,4,2.5,3520,15420,2,0,0,3,10,3520,0,1991,0,98074,47.6375,-122.016,3400,21455
785000,4,2.75,2440,69415,1,0,0,4,8,1910,530,1989,0,98075,47.5944,-122.042,2770,24361
338000,4,3,2090,7500,1,0,0,3,7,1370,720,1986,0,98056,47.4888,-122.182,1810,7650
280000,3,2.25,1430,7222,2,0,0,3,7,1430,0,1993,0,98056,47.5112,-122.19,1430,7220
315000,4,2.25,2180,10754,1,0,0,5,7,1100,1080,1954,0,98133,47.7711,-122.341,1810,6929
530000,4,2.25,2180,10754,1,0,0,5,7,1100,1080,1954,0,98133,47.7711,-122.341,1810,6929
380000,5,3,3450,9914,2,0,0,3,9,3450,0,2004,0,98023,47.2813,-122.345,2860,9721
297000,3,2.25,1450,7562,2,0,0,3,7,1450,0,1994,0,98056,47.5038,-122.189,1650,7625
730000,4,2.5,3230,7331,2,0,0,3,10,3230,0,2004,0,98075,47.5823,-121.97,3480,7447
450000,3,1.75,1640,13500,1,0,0,3,7,1110,530,1940,0,98125,47.7164,-122.304,1770,12600
275000,3,3,1590,7750,1,0,0,3,7,1060,530,1997,0,98038,47.3624,-122.045,1680,7500
595000,4,2,2020,2849,2,0,0,3,7,2020,0,1960,0,98115,47.6831,-122.329,1910,3120
435000,3,1.5,1300,3348,1.5,0,0,3,7,1300,0,1904,2014,98144,47.592,-122.307,1590,2577
270000,2,1.5,1380,209959,1,0,0,1,6,1380,0,1954,0,98011,47.7461,-122.195,3130,19868
950000,3,3,4040,14338,2,0,0,3,10,3030,1010,1986,0,98077,47.7268,-122.06,3360,14142
389000,4,2.25,2130,5337,2,0,0,3,7,2130,0,2001,0,98019,47.7237,-121.959,2300,6930
560000,4,2.25,2550,7800,1,0,0,3,8,1580,970,1968,0,98052,47.6283,-122.095,2420,8050
1.35E+06,5,3.5,4800,14984,2,0,2,3,11,3480,1320,1998,0,98006,47.5543,-122.148,4050,19009
799000,4,2.25,2510,11585,2,0,0,4,8,2510,0,1969,0,98040,47.5483,-122.226,2450,9691
365500,3,2,1410,9600,1,0,0,4,7,1410,0,1983,0,98072,47.7591,-122.146,1410,9600
252350,3,2,1650,7352,1,0,0,3,7,1160,490,1979,0,98058,47.4612,-122.169,1710,7350
403950,4,2.5,2120,13780,2,0,0,3,8,2120,0,1993,0,98146,47.4987,-122.365,1880,12000
385000,4,1.5,2040,10726,1,0,0,3,7,1380,660,1954,0,98177,47.772,-122.358,1610,10020
345000,4,1,1550,7620,1.5,0,0,3,7,1550,0,1957,0,98106,47.5287,-122.35,1450,7620
490000,3,2.75,1980,3128,2,0,0,4,9,1980,0,1979,0,98008,47.6109,-122.114,1950,2856
330000,3,2.5,1600,26977,2,0,0,3,8,1600,0,2005,0,98019,47.7736,-121.901,1790,27743
927000,4,2.75,3300,12090,2,0,0,3,8,3300,0,1953,0,98004,47.6294,-122.218,3180,12239
1.118E+06,4,2.5,3840,16619,2,0,1,4,10,3840,0,1983,0,98040,47.5634,-122.213,3600,16553
330000,2,1,1220,10000,1,0,0,5,7,1220,0,1950,0,98028,47.7405,-122.241,2000,9600
530000,5,2.25,2720,8800,1,0,0,4,7,1500,1220,1958,0,98008,47.5976,-122.118,2110,8800
365000,4,2,1940,25600,1,0,0,1,8,1940,0,1962,0,98006,47.5722,-122.129,2000,10071
378750,3,2.5,2160,3000,1.5,0,0,3,7,1260,900,1909,2011,98118,47.5644,-122.289,1060,3500
269900,4,1.75,1530,8750,1.5,0,0,4,7,1530,0,1968,0,98058,47.4556,-122.157,1390,8750
557000,3,3.5,1710,2096,2,0,0,3,8,1290,420,2008,0,98122,47.6055,-122.305,1630,1543
360000,4,1.75,3730,16980,1,0,0,4,7,2150,1580,1974,0,98022,47.1775,-122.022,1880,16963
352000,2,1,940,5000,1,0,0,4,7,940,0,1937,0,98117,47.6879,-122.385,1560,4500
437000,3,2.5,1750,22357,2,0,0,3,8,1750,0,1994,0,98045,47.4807,-121.779,2430,22357
322500,4,2.5,1820,6753,2,0,0,3,7,1820,0,1994,0,98038,47.3845,-122.032,1820,7107
650000,3,3.25,1510,2000,2,0,0,3,9,1330,180,2001,0,98116,47.5815,-122.402,1510,1352
450000,3,2,1290,1213,3,0,0,3,8,1290,0,2001,0,98103,47.6609,-122.344,1290,3235
278500,3,2,1570,5250,1,0,0,3,7,1570,0,1998,0,98092,47.3163,-122.188,1570,5250
364950,4,2.5,1930,6957,2,0,0,3,8,1930,0,1995,0,98055,47.4309,-122.191,2090,6996
840000,4,3.5,2840,40139,1,0,4,4,10,2840,0,1986,0,98038,47.401,-122.026,3180,36852
268000,3,2.5,1550,8134,2,0,0,3,7,1550,0,1991,0,98031,47.404,-122.191,1550,8134
517534,2,1,833,143947,1,0,0,3,5,833,0,2006,0,98070,47.3889,-122.482,1380,143947
632925,3,2.5,2990,32239,2,0,0,4,8,2990,0,1978,0,98077,47.7718,-122.095,2990,36497
577500,3,2.5,2000,7251,2,0,0,3,9,2000,0,1995,0,98034,47.7067,-122.2,2450,8118
339000,4,1.5,2390,7480,1.5,0,2,3,7,2390,0,1920,0,98178,47.504,-122.227,2850,6867
570000,3,1.75,2910,37461,1,0,0,4,7,1530,1380,1967,0,98052,47.7015,-122.164,2520,18295
563500,4,1.75,2085,174240,1,0,0,3,7,1610,475,1964,0,98024,47.5753,-121.95,2690,174240
423000,4,2.25,2200,9351,1,0,0,5,7,1290,910,1962,0,98133,47.7448,-122.333,1910,8660
355000,3,2.25,1860,5028,2,0,0,3,8,1860,0,2012,0,98019,47.7318,-121.982,2320,5465
1.55E+06,5,4.25,6070,171626,2,0,0,3,12,6070,0,1999,0,98024,47.5954,-121.95,4680,211267
482000,2,1,950,3960,1,0,0,3,7,950,0,1941,0,98103,47.6885,-122.337,1320,4050
625000,3,1.75,1600,9135,1,0,0,5,7,1600,0,1955,0,98006,47.5724,-122.179,1580,9800
538000,3,2.5,2250,11632,2,0,0,3,8,2250,0,1988,0,98056,47.5272,-122.169,2360,11632
380000,3,2.5,2280,10255,2,0,0,4,8,2280,0,1985,0,98058,47.4334,-122.161,2310,10094
375000,2,1,940,5120,1,0,0,3,7,940,0,1909,0,98122,47.6073,-122.308,1300,5120
245000,3,2.5,1530,8500,1,0,0,5,7,1030,500,1996,0,98038,47.3592,-122.046,1850,8140
310000,5,1.75,2190,27260,1,0,0,4,7,2190,0,1947,1974,98166,47.4546,-122.337,1620,39480
1.3E+06,3,2,2350,15021,1,0,0,4,8,1770,580,1976,0,98004,47.6408,-122.219,3530,15715
397000,4,2,1440,7680,1,0,0,3,7,1200,240,1971,0,98034,47.7245,-122.2,1460,9660
365000,3,2.5,2200,4052,2,0,0,3,8,2200,0,2005,0,98058,47.4362,-122.178,2310,5082
328500,4,3,2290,8250,2,0,0,3,9,2290,0,1990,0,98042,47.3739,-122.156,2290,8250
988000,4,3,4040,19700,2,0,0,3,11,4040,0,1987,0,98052,47.7205,-122.127,3930,21887
1.00E+06,4,2.5,2610,3277,1.5,0,0,5,8,1920,690,1922,0,98103,47.6636,-122.33,1810,3277
237000,3,2.5,1490,2138,2,0,0,3,7,1490,0,2005,0,98055,47.4324,-122.197,1490,2094
525000,4,2.5,2450,5280,2,0,0,3,8,2450,0,2003,0,98011,47.7734,-122.224,2300,4674
749000,4,2.5,1710,9627,1,0,0,3,9,1440,270,1976,2014,98006,47.559,-122.164,2140,9131
722500,5,2.5,4870,11800,2,0,0,3,10,3470,1400,1983,0,98074,47.633,-122.041,3180,11398
843000,3,2.5,3130,8750,2,0,0,3,10,3130,0,1991,0,98052,47.6954,-122.103,2860,9003
438000,2,2,1270,1372,3,0,0,3,8,1270,0,2000,0,98115,47.6776,-122.318,1610,3090
578000,3,1.75,2120,10875,1,0,2,3,8,1540,580,1977,0,98146,47.504,-122.382,2460,11760
227950,3,1.5,1670,8230,1,0,0,5,7,1670,0,1954,0,98001,47.2613,-122.255,2077,4910
196000,3,2.25,2070,11576,2,0,0,3,7,2070,0,1974,0,98001,47.3417,-122.271,1890,7519
641000,2,1,1420,5332,1,0,0,3,8,1070,350,1953,0,98105,47.6694,-122.275,2400,5406
350000,3,1.5,1250,219978,1,0,0,4,6,1250,0,1980,0,98038,47.4056,-121.955,1930,210394
205000,3,1,940,7980,1,0,0,4,7,940,0,1960,0,98032,47.3838,-122.289,1150,8050
400000,3,1.75,1920,9102,1,0,0,3,7,1920,0,1968,0,98072,47.7487,-122.082,1920,9760
1.03E+06,3,2.5,3545,9816,1,0,0,3,10,2610,935,2005,0,98027,47.5534,-122.078,3630,7704
505000,3,2,1260,5460,1,0,0,3,7,1260,0,1972,0,98034,47.7355,-122.18,1510,5460
475000,5,2.5,2340,7200,1,0,0,3,7,1300,1040,1975,0,98034,47.7206,-122.211,1930,7221
520000,3,2.25,2590,9263,1,0,0,5,8,1440,1150,1977,0,98028,47.7691,-122.262,2580,9450
1.45E+06,3,4.5,3970,24920,2,0,2,3,10,3260,710,1977,1999,98034,47.7183,-122.258,2610,13838
333500,3,1.75,1220,9732,1,0,0,3,7,1220,0,1965,0,98011,47.7736,-122.214,1630,10007
232000,3,1,1400,10403,1,0,0,4,6,1400,0,1976,0,98038,47.362,-122.029,1230,10209
691100,3,2.75,2360,16117,1,0,0,4,8,1710,650,1983,0,98006,47.5698,-122.121,2120,16117
811000,3,1.75,1870,9897,1,0,0,4,8,1870,0,1960,0,98040,47.5505,-122.221,1900,10005
551000,3,2.5,2830,5802,2,0,0,3,9,2830,0,2001,0,98028,47.7605,-122.234,2500,5788
496500,3,2.5,2260,3640,2,0,0,3,8,2260,0,1994,0,98072,47.7356,-122.157,2350,3710
705000,3,3,1970,20978,2,1,3,4,9,1770,200,1980,0,98070,47.3844,-122.438,2280,75396
578000,4,2.5,3140,9225,1,0,2,5,9,1770,1370,1966,0,98055,47.4904,-122.226,2460,9600
255000,3,1.75,1240,8659,1,0,0,5,7,1240,0,1986,0,98042,47.3663,-122.089,1490,8223
1.05E+06,4,3.5,3450,7832,2,0,0,3,10,3450,0,2007,0,98006,47.5637,-122.123,3220,8567
348000,3,2.25,2570,8491,2,0,0,4,8,2570,0,1989,0,98042,47.3759,-122.125,2400,8049
230000,3,2,1510,3413,2,0,0,3,7,1510,0,1985,0,98031,47.3912,-122.167,1570,3777
359500,4,2.25,2390,11250,2,0,0,3,9,2390,0,1988,0,98023,47.3305,-122.371,2480,11250
330000,3,1,980,7000,1,0,0,3,6,980,0,1953,0,98133,47.7617,-122.357,1220,7000
80000,1,0.75,430,5050,1,0,0,2,4,430,0,1912,0,98014,47.6499,-121.909,1200,7500
465000,3,1.75,1480,6360,1,0,0,3,7,1480,0,1954,0,98133,47.7311,-122.353,1480,6360
325000,4,2.5,1850,7324,2,0,0,3,8,1850,0,1997,0,98042,47.3701,-122.107,2100,7329
340500,3,2,2270,28025,1,0,0,4,7,1920,350,1947,0,98168,47.4857,-122.318,1770,14833
342500,3,2.5,1810,5192,2,0,0,3,8,1810,0,1993,0,98038,47.3724,-122.042,1810,6200
290900,2,2,1610,17600,2,0,0,3,6,1610,0,1930,1983,98178,47.4855,-122.266,1310,12950
868700,3,4.25,3840,6161,2,0,0,3,10,3840,0,2000,0,98074,47.6336,-122.064,3230,7709
1.199E+06,4,2.75,4110,8400,2,0,1,3,9,3130,980,1928,2013,98125,47.717,-122.281,2820,8400
1.15E+06,4,3.25,4190,10259,2,0,0,3,11,3150,1040,2000,0,98074,47.6332,-122.066,4300,11919
859900,4,2.75,3390,6298,2,0,0,3,9,3390,0,2011,0,98074,47.5906,-122.062,3390,7111
520000,4,2.25,1890,3006,2,0,0,3,7,1890,0,2003,0,98029,47.5461,-121.998,1580,3000
460000,3,2.5,1610,2527,2,0,2,3,9,1080,530,2005,0,98118,47.5674,-122.29,1610,4173
438924,3,1.5,1050,4590,1,0,0,3,7,850,200,1949,0,98115,47.6943,-122.29,1770,5400
315000,2,1,630,6550,1,0,0,3,5,630,0,1918,0,98126,47.5486,-122.38,1420,6550
590000,4,2.75,2910,10650,1,0,2,3,8,1780,1130,1975,0,98033,47.6658,-122.188,2920,10988
378500,4,1.75,1700,8640,1,0,0,3,7,850,850,1955,0,98006,47.5772,-122.153,1620,9000
328500,3,2.5,1950,8130,2,0,0,4,9,1950,0,1990,0,98042,47.3875,-122.161,2350,7691
849950,3,3,2990,9773,2,0,0,4,8,2990,0,1973,0,98005,47.6344,-122.174,2230,11553
525000,3,1.5,1350,6000,1,0,2,3,7,900,450,1950,0,98136,47.5275,-122.391,1730,6012
1.385E+06,4,3.25,4860,181319,2.5,0,0,3,9,4860,0,1993,0,98074,47.6179,-122.005,3850,181319
295000,4,2.5,2160,7725,1,0,0,4,8,1460,700,1978,0,98023,47.3078,-122.378,2060,8250
1.067E+06,6,3.5,4860,11793,2,0,0,3,11,3860,1000,1998,0,98006,47.5521,-122.137,3600,11793
207950,2,2,890,5000,1,0,0,3,6,890,0,1917,0,98118,47.5158,-122.264,1860,5000
699900,4,2.75,2810,7302,2,0,0,3,9,2810,0,2002,0,98075,47.5985,-121.977,2820,7302
1.28E+06,5,2.5,3400,9500,2,0,1,4,8,3400,0,1977,0,98027,47.5645,-122.082,3080,11081
452000,4,1.5,1580,7350,1,0,0,4,7,960,620,1963,0,98052,47.6734,-122.154,1560,7350
370000,3,2,1680,5036,1,0,1,4,7,1680,0,1987,0,98055,47.4734,-122.186,1680,4921
232000,3,1.75,1300,11230,1,0,0,5,7,1300,0,1968,0,98042,47.3811,-122.087,1300,10794
669950,5,2.5,2820,14062,2,0,0,4,7,2380,440,1960,0,98034,47.7081,-122.215,1910,10392
397500,3,2,1510,6710,1,0,0,3,7,1070,440,1972,0,98034,47.7193,-122.216,1660,6600
490000,2,2.5,1230,1391,2,0,0,3,8,870,360,2004,0,98112,47.6192,-122.301,1240,1350
725000,4,2,2110,4140,2,0,0,3,9,1710,400,1925,2003,98116,47.5836,-122.387,1440,4420
299000,3,2.75,3080,19635,1,0,2,4,7,1610,1470,1958,0,98032,47.3841,-122.284,2424,12410
625000,2,1.5,1490,5750,1.5,0,0,4,7,1190,300,1900,0,98116,47.5872,-122.39,1590,4025
437500,3,2.5,2120,4500,2,0,0,3,7,2120,0,2000,0,98065,47.5322,-121.88,2530,4816